-- MySQL dump 10.13  Distrib 8.0.30, for Win64 (x86_64)
--
-- Host: localhost    Database: grupo2
-- ------------------------------------------------------
-- Server version	8.0.30

/*!40101 SET @OLD_CHARACTER_SET_CLIENT=@@CHARACTER_SET_CLIENT */;
/*!40101 SET @OLD_CHARACTER_SET_RESULTS=@@CHARACTER_SET_RESULTS */;
/*!40101 SET @OLD_COLLATION_CONNECTION=@@COLLATION_CONNECTION */;
/*!50503 SET NAMES utf8 */;
/*!40103 SET @OLD_TIME_ZONE=@@TIME_ZONE */;
/*!40103 SET TIME_ZONE='+00:00' */;
/*!40014 SET @OLD_UNIQUE_CHECKS=@@UNIQUE_CHECKS, UNIQUE_CHECKS=0 */;
/*!40014 SET @OLD_FOREIGN_KEY_CHECKS=@@FOREIGN_KEY_CHECKS, FOREIGN_KEY_CHECKS=0 */;
/*!40101 SET @OLD_SQL_MODE=@@SQL_MODE, SQL_MODE='NO_AUTO_VALUE_ON_ZERO' */;
/*!40111 SET @OLD_SQL_NOTES=@@SQL_NOTES, SQL_NOTES=0 */;

--
-- Table structure for table `grupos`
--

DROP TABLE IF EXISTS `grupos`;
/*!40101 SET @saved_cs_client     = @@character_set_client */;
/*!50503 SET character_set_client = utf8mb4 */;
CREATE TABLE `grupos` (
  `id` int NOT NULL AUTO_INCREMENT,
  `grupo` varchar(255) NOT NULL,
  `created_at` datetime DEFAULT NULL,
  `updated_at` datetime DEFAULT NULL,
  PRIMARY KEY (`id`)
) ENGINE=InnoDB AUTO_INCREMENT=9 DEFAULT CHARSET=utf8mb4 COLLATE=utf8mb4_0900_ai_ci;
/*!40101 SET character_set_client = @saved_cs_client */;

--
-- Dumping data for table `grupos`
--

LOCK TABLES `grupos` WRITE;
/*!40000 ALTER TABLE `grupos` DISABLE KEYS */;
INSERT INTO `grupos` VALUES (1,'A',NULL,NULL),(2,'B',NULL,NULL),(3,'C',NULL,NULL),(4,'D',NULL,NULL),(5,'E',NULL,NULL),(6,'F',NULL,NULL),(7,'G',NULL,NULL),(8,'H',NULL,NULL);
/*!40000 ALTER TABLE `grupos` ENABLE KEYS */;
UNLOCK TABLES;

--
-- Table structure for table `order_product`
--

DROP TABLE IF EXISTS `order_product`;
/*!40101 SET @saved_cs_client     = @@character_set_client */;
/*!50503 SET character_set_client = utf8mb4 */;
CREATE TABLE `order_product` (
  `order_prod_id` tinyint DEFAULT NULL,
  `order_id` int DEFAULT NULL,
  `product_id` int DEFAULT NULL,
  `cantidad` int DEFAULT NULL,
  `sub_total_prod` int DEFAULT NULL
) ENGINE=InnoDB DEFAULT CHARSET=latin1 COLLATE=latin1_bin;
/*!40101 SET character_set_client = @saved_cs_client */;

--
-- Dumping data for table `order_product`
--

LOCK TABLES `order_product` WRITE;
/*!40000 ALTER TABLE `order_product` DISABLE KEYS */;
/*!40000 ALTER TABLE `order_product` ENABLE KEYS */;
UNLOCK TABLES;

--
-- Table structure for table `orders`
--

DROP TABLE IF EXISTS `orders`;
/*!40101 SET @saved_cs_client     = @@character_set_client */;
/*!50503 SET character_set_client = utf8mb4 */;
CREATE TABLE `orders` (
  `order_id` int NOT NULL,
  `user_id` int DEFAULT NULL,
  `order_date` date DEFAULT NULL,
  `order_number` int DEFAULT NULL,
  `total` int DEFAULT NULL,
  PRIMARY KEY (`order_id`)
) ENGINE=InnoDB DEFAULT CHARSET=latin1 COLLATE=latin1_bin;
/*!40101 SET character_set_client = @saved_cs_client */;

--
-- Dumping data for table `orders`
--

LOCK TABLES `orders` WRITE;
/*!40000 ALTER TABLE `orders` DISABLE KEYS */;
/*!40000 ALTER TABLE `orders` ENABLE KEYS */;
UNLOCK TABLES;

--
-- Table structure for table `products`
--

DROP TABLE IF EXISTS `products`;
/*!40101 SET @saved_cs_client     = @@character_set_client */;
/*!50503 SET character_set_client = utf8mb4 */;
CREATE TABLE `products` (
  `id` tinyint NOT NULL AUTO_INCREMENT,
  `teamName` varchar(45) CHARACTER SET latin1 COLLATE latin1_bin DEFAULT NULL,
  `size` varchar(10) CHARACTER SET latin1 COLLATE latin1_bin DEFAULT NULL,
  `jugador` varchar(45) CHARACTER SET latin1 COLLATE latin1_bin DEFAULT NULL,
  `imagen` varchar(45) CHARACTER SET latin1 COLLATE latin1_bin NOT NULL,
  `price` int DEFAULT NULL,
  `grupo_id` varchar(45) CHARACTER SET latin1 COLLATE latin1_bin DEFAULT NULL,
  `createdAt` datetime DEFAULT NULL,
  `updatedAt` datetime DEFAULT NULL,
  PRIMARY KEY (`id`)
) ENGINE=InnoDB AUTO_INCREMENT=105 DEFAULT CHARSET=latin1 COLLATE=latin1_bin;
/*!40101 SET character_set_client = @saved_cs_client */;

--
-- Dumping data for table `products`
--

LOCK TABLES `products` WRITE;
/*!40000 ALTER TABLE `products` DISABLE KEYS */;
INSERT INTO `products` VALUES (1,'Paises Bajos','Small','Depay','paises-bajos-camiseta.jpg',1000,'1',NULL,NULL),(2,'Senegal','Small','Mane','senegal-camiseta.jpg',1000,'1',NULL,NULL),(3,'Ecuador','Small','Valencia','ecuador-camiseta.jpg',1000,'1',NULL,NULL),(4,'Qatar','Small','Chequear','qatar-camiseta.jpg',1000,'1',NULL,NULL),(5,'Inglaterra','Small','Kane','inglaterra-camiseta.jpg',1000,'2',NULL,NULL),(6,'Estados Unidos','Small','Chequear','estados-unidos-camiseta.jpg',1000,'2',NULL,NULL),(7,'Iran','Small','Chequear','iran-camiseta.jpg',1000,'2',NULL,NULL),(8,'Gales','Small','Chequear','gales-camiseta.jpg',1000,'2',NULL,NULL),(9,'Argentina','Small','Messi','argentina-camiseta.jpg',1000,'3',NULL,NULL),(10,'Polonia','Small','Lewandoswki','polonia-camiseta.jpg',1000,'3',NULL,NULL),(11,'Mexico','Small','Chequear','mexico-camiseta.jpg',1000,'3',NULL,NULL),(12,'Arabia Saudita','Small','Chequear','arabia-saudita-camiseta.jpg',1000,'3',NULL,NULL),(13,'Francia','Small','Mbappe','francia-camiseta.jpg',1000,'4',NULL,NULL),(14,'Australia','Small','Chequear','australia-camiseta.jpg',1000,'4',NULL,NULL),(15,'Tunez','Small','Chequear','tunez-camiseta.jpg',1000,'4',NULL,NULL),(16,'Dinamarca','Small','Chequear','dinamarca-camiseta.jpg',1000,'4',NULL,NULL),(17,'Japon','Small','Chequear','japon-camiseta.jpg',1000,'5',NULL,NULL),(18,'España','Small','Pedri','espana-camiseta.jpg',1000,'5',NULL,NULL),(19,'Alemania','Small','Chequear','alemania-camiseta.jpg',1000,'5',NULL,NULL),(20,'Costa Rica','Small','Navas','costa-rica-camiseta.jpg',1000,'5',NULL,NULL),(21,'Marruecos','Small','Hakimi','marruecos-camiseta.jpg',1000,'6',NULL,NULL),(22,'Croacia','Small','Modric','costa-rica-camiseta.jpg',1000,'6',NULL,NULL),(23,'Belgica','Small','De Bruyne','belgica-camiseta.jpg',1000,'6',NULL,NULL),(24,'Canada','Small','Davis','canada-camiseta.jpg',1000,'6',NULL,NULL),(25,'Brasil','Small','Neymar','brasil-camiseta.jpg',1000,'7',NULL,NULL),(26,'Suiza','Small','Chequear','suiza-camiseta.jpg',1000,'7',NULL,NULL),(27,'Camerun','Small','Chequear','camerun-camiseta.jpg',1000,'7',NULL,NULL),(28,'Serbia','Small','Chequear','serbia-camiseta.jpg',1000,'7',NULL,NULL),(29,'Portugal','Small','Ronaldo','portugal-camiseta.jpg',1000,'8',NULL,NULL),(30,'Corea Del Sur','Small','Chequear','corea-del-sur-camiseta.jpg',1000,'8',NULL,NULL),(31,'Uruguay','Small','Suarez','uruguay-camiseta.jpg',1000,'8',NULL,NULL),(32,'Ghana','Small','Chequear','ghana-camiseta.jpg',1000,'8',NULL,NULL),(39,'Malta y san marino','Medium','Principe Aslan','producto-1675605875237.jpg',5899200,'7','2023-02-05 14:04:35','2023-02-05 14:04:35'),(40,'Paises Bajos','Medium','Depay','paises-bajos-camiseta.jpg',1000,'1',NULL,NULL),(41,'Senegal','Medium','Mane','senegal-camiseta.jpg',1000,'1',NULL,NULL),(42,'Ecuador','Medium','Valencia','ecuador-camiseta.jpg',1000,'1',NULL,NULL),(43,'Qatar','Medium','Chequear','qatar-camiseta.jpg',1000,'1',NULL,NULL),(44,'Inglaterra','Medium','Kane','inglaterra-camiseta.jpg',1000,'2',NULL,NULL),(45,'Estados Unidos','Medium','Chequear','estados-unidos-camiseta.jpg',1000,'2',NULL,NULL),(46,'Iran','Medium','Chequear','iran-camiseta.jpg',1000,'2',NULL,NULL),(47,'Gales','Medium','Chequear','gales-camiseta.jpg',1000,'2',NULL,NULL),(48,'Argentina','Medium','Messi','argentina-camiseta.jpg',1000,'3',NULL,NULL),(49,'Polonia','Medium','Lewandoswki','polonia-camiseta.jpg',1000,'3',NULL,NULL),(50,'Mexico','Medium','Chequear','mexico-camiseta.jpg',1000,'3',NULL,NULL),(51,'Arabia Saudita','Medium','Chequear','arabia-saudita-camiseta.jpg',1000,'3',NULL,NULL),(52,'Francia','Medium','Mbappe','francia-camiseta.jpg',1000,'4',NULL,NULL),(53,'Australia','Medium','Chequear','australia-camiseta.jpg',1000,'4',NULL,NULL),(54,'Tunez','Medium','Chequear','tunez-camiseta.jpg',1000,'4',NULL,NULL),(55,'Dinamarca','Medium','Chequear','dinamarca-camiseta.jpg',1000,'4',NULL,NULL),(56,'Japon','Medium','Chequear','japon-camiseta.jpg',1000,'5',NULL,NULL),(57,'España','Medium','Pedri','espana-camiseta.jpg',1000,'5',NULL,NULL),(58,'Alemania','Medium','Chequear','alemania-camiseta.jpg',1000,'5',NULL,NULL),(59,'Costa Rica','Medium','Navas','costa-rica-camiseta.jpg',1000,'5',NULL,NULL),(60,'Marruecos','Medium','Hakimi','marruecos-camiseta.jpg',1000,'6',NULL,NULL),(61,'Croacia','Medium','Modric','costa-rica-camiseta.jpg',1000,'6',NULL,NULL),(62,'Belgica','Medium','De Bruyne','belgica-camiseta.jpg',1000,'6',NULL,NULL),(63,'Canada','Medium','Davis','canada-camiseta.jpg',1000,'6',NULL,NULL),(64,'Brasil','Medium','Neymar','brasil-camiseta.jpg',1000,'7',NULL,NULL),(65,'Suiza','Medium','Chequear','suiza-camiseta.jpg',1000,'7',NULL,NULL),(66,'Camerun','Medium','Chequear','camerun-camiseta.jpg',1000,'7',NULL,NULL),(67,'Serbia','Medium','Chequear','serbia-camiseta.jpg',1000,'7',NULL,NULL),(68,'Portugal','Medium','Ronaldo','portugal-camiseta.jpg',1000,'8',NULL,NULL),(69,'Corea Del Sur','Medium','Chequear','corea-del-sur-camiseta.jpg',1000,'8',NULL,NULL),(70,'Uruguay','Medium','Suarez','uruguay-camiseta.jpg',1000,'8',NULL,NULL),(71,'Ghana','Medium','Chequear','ghana-camiseta.jpg',1000,'8',NULL,NULL),(72,'Paises Bajos','Large','Depay','paises-bajos-camiseta.jpg',1000,'1',NULL,NULL),(73,'Senegal','Large','Mane','senegal-camiseta.jpg',1000,'1',NULL,NULL),(74,'Ecuador','Large','Valencia','ecuador-camiseta.jpg',1000,'1',NULL,NULL),(75,'Qatar','Large','Chequear','qatar-camiseta.jpg',1000,'1',NULL,NULL),(76,'Inglaterra','Large','Kane','inglaterra-camiseta.jpg',1000,'2',NULL,NULL),(77,'Estados Unidos','Large','Chequear','estados-unidos-camiseta.jpg',1000,'2',NULL,NULL),(78,'Iran','Large','Chequear','iran-camiseta.jpg',1000,'2',NULL,NULL),(79,'Gales','Large','Chequear','gales-camiseta.jpg',1000,'2',NULL,NULL),(80,'Argentina','Large','Messi','argentina-camiseta.jpg',1000,'3',NULL,NULL),(81,'Polonia','Large','Lewandoswki','polonia-camiseta.jpg',1000,'3',NULL,NULL),(82,'Mexico','Large','Chequear','mexico-camiseta.jpg',1000,'3',NULL,NULL),(83,'Arabia Saudita','Large','Chequear','arabia-saudita-camiseta.jpg',1000,'3',NULL,NULL),(84,'Francia','Large','Mbappe','francia-camiseta.jpg',1000,'4',NULL,NULL),(85,'Australia','Large','Chequear','australia-camiseta.jpg',1000,'4',NULL,NULL),(86,'Tunez','Large','Chequear','tunez-camiseta.jpg',1000,'4',NULL,NULL),(87,'Dinamarca','Large','Chequear','dinamarca-camiseta.jpg',1000,'4',NULL,NULL),(88,'Japon','Large','Chequear','japon-camiseta.jpg',1000,'5',NULL,NULL),(89,'España','Large','Pedri','espana-camiseta.jpg',1000,'5',NULL,NULL),(90,'Alemania','Large','Chequear','alemania-camiseta.jpg',1000,'5',NULL,NULL),(91,'Costa Rica','Large','Navas','costa-rica-camiseta.jpg',1000,'5',NULL,NULL),(92,'Marruecos','Large','Hakimi','marruecos-camiseta.jpg',1000,'6',NULL,NULL),(93,'Croacia','Large','Modric','costa-rica-camiseta.jpg',1000,'6',NULL,NULL),(94,'Belgica','Large','De Bruyne','belgica-camiseta.jpg',1000,'6',NULL,NULL),(95,'Canada','Large','Davis','canada-camiseta.jpg',1000,'6',NULL,NULL),(96,'Brasil','Large','Neymar','brasil-camiseta.jpg',1000,'7',NULL,NULL),(97,'Suiza','Large','Chequear','suiza-camiseta.jpg',1000,'7',NULL,NULL),(98,'Camerun','Large','Chequear','camerun-camiseta.jpg',1000,'7',NULL,NULL),(99,'Serbia','Large','Chequear','serbia-camiseta.jpg',1000,'7',NULL,NULL),(100,'Portugal','Large','Ronaldo','portugal-camiseta.jpg',1000,'8',NULL,NULL),(101,'Corea Del Sur','Large','Chequear','corea-del-sur-camiseta.jpg',1000,'8',NULL,NULL),(102,'Uruguay','Large','Suarez','uruguay-camiseta.jpg',1000,'8',NULL,NULL),(103,'Ghana','Large','Chequear','ghana-camiseta.jpg',1000,'8',NULL,NULL);
/*!40000 ALTER TABLE `products` ENABLE KEYS */;
UNLOCK TABLES;

--
-- Table structure for table `users`
--

DROP TABLE IF EXISTS `users`;
/*!40101 SET @saved_cs_client     = @@character_set_client */;
/*!50503 SET character_set_client = utf8mb4 */;
CREATE TABLE `users` (
  `id` tinyint NOT NULL AUTO_INCREMENT,
  `firstName` varchar(100) CHARACTER SET latin1 COLLATE latin1_bin DEFAULT NULL,
  `lastName` varchar(45) CHARACTER SET latin1 COLLATE latin1_bin DEFAULT NULL,
  `email` varchar(45) CHARACTER SET latin1 COLLATE latin1_bin DEFAULT NULL,
  `password` varchar(100) CHARACTER SET latin1 COLLATE latin1_bin DEFAULT NULL,
  `type` varchar(45) CHARACTER SET latin1 COLLATE latin1_bin DEFAULT NULL,
  `avatar` varchar(45) CHARACTER SET latin1 COLLATE latin1_bin DEFAULT NULL,
  `createdAt` datetime DEFAULT NULL,
  `updatedAt` datetime DEFAULT NULL,
  PRIMARY KEY (`id`)
) ENGINE=InnoDB AUTO_INCREMENT=21 DEFAULT CHARSET=latin1 COLLATE=latin1_bin;
/*!40101 SET character_set_client = @saved_cs_client */;

--
-- Dumping data for table `users`
--

LOCK TABLES `users` WRITE;
/*!40000 ALTER TABLE `users` DISABLE KEYS */;
INSERT INTO `users` VALUES (3,'    rita','      arguello gomez','rita@hotmail.com','$2a$10$OqlrFmYLEDeYE6k3C2VHr.7O6Q2zbL8FEHJb7xEQxaYrgCDS2XU6y','Admin','usuario-1673927307731.jpeg',NULL,'2023-01-17 03:48:27'),(18,'Alfredo','Pintos','pintosalfredo1@gmail.com','$2a$10$n/91cOZwYf/4rmjYqGVVDeURfxOLfZ61Gy0AbMpcT3BumuyfwpTrO','Admin','usuario-1676426890219.jpg','2023-02-15 02:08:10','2023-02-15 02:08:10'),(19,'Maria Camila','Arguello Gomez','camila.arguello@hotmail.com','$2a$10$iAzYbr.W2t1g8v0Ihd1tJOuMk7GrWckCfP0HX7lMtegSv2pmWWQ06','Admin','usuario-1676427272332.jpg','2023-02-15 02:14:32','2023-02-15 02:14:32'),(20,'Lionel','Messi','leomessi@gmail.com','$2a$10$9orsYZfBQ39qmgBbG0tiPOmTzBqz1E1Id3hiIt8eXoeaLIdwWjXWK','Usuario','usuario-1676427451529.png','2023-02-15 02:17:31','2023-02-15 02:17:31');
/*!40000 ALTER TABLE `users` ENABLE KEYS */;
UNLOCK TABLES;
/*!40103 SET TIME_ZONE=@OLD_TIME_ZONE */;

/*!40101 SET SQL_MODE=@OLD_SQL_MODE */;
/*!40014 SET FOREIGN_KEY_CHECKS=@OLD_FOREIGN_KEY_CHECKS */;
/*!40014 SET UNIQUE_CHECKS=@OLD_UNIQUE_CHECKS */;
/*!40101 SET CHARACTER_SET_CLIENT=@OLD_CHARACTER_SET_CLIENT */;
/*!40101 SET CHARACTER_SET_RESULTS=@OLD_CHARACTER_SET_RESULTS */;
/*!40101 SET COLLATION_CONNECTION=@OLD_COLLATION_CONNECTION */;
/*!40111 SET SQL_NOTES=@OLD_SQL_NOTES */;

-- Dump completed on 2023-02-14 21:22:11
